Genero_Usuario,Edad_Usuario,Bici,Ciclo_Estacion_Retiro,Fecha_Retiro,Hora_Retiro,Ciclo_Estacion_Arribo,Fecha_Arribo,Hora_Arribo
M,53,9940,18,01/01/2018,0:05:48,124,01/01/2018,0:19:04
M,48,3759,16,01/01/2018,0:09:17,60,01/01/2018,0:32:31
M,63,10783,16,01/01/2018,0:09:39,60,01/01/2018,0:32:41
M,27,10826,16,01/01/2018,0:10:01,60,01/01/2018,0:32:39
M,28,10643,18,01/01/2018,0:10:02,450,01/01/2018,0:20:07
F,21,3192,16,01/01/2018,0:10:14,54,01/01/2018,0:27:20
F,31,9059,18,01/01/2018,0:10:16,450,01/01/2018,0:20:05
M,22,9648,16,01/01/2018,0:10:26,54,01/01/2018,0:27:13
M,41,1918,9,01/01/2018,0:10:56,6,01/01/2018,0:13:36
M,24,1581,31,01/01/2018,0:11:11,254,01/01/2018,0:19:50
M,27,3879,169,01/01/2018,0:13:09,167,01/01/2018,0:16:01
M,24,9224,54,01/01/2018,0:13:26,68,01/01/2018,0:21:07
M,67,2488,18,01/01/2018,0:14:35,140,01/01/2018,0:40:38
M,63,10406,18,01/01/2018,0:14:56,140,01/01/2018,0:40:24
F,27,9796,124,01/01/2018,0:15:03,124,01/01/2018,0:18:29
M,34,9426,18,01/01/2018,0:15:15,140,01/01/2018,0:40:27
M,32,10475,18,01/01/2018,0:15:55,140,01/01/2018,0:40:35
M,23,8125,98,01/01/2018,0:16:05,134,01/01/2018,0:29:10
M,41,8886,158,01/01/2018,0:16:05,136,01/01/2018,0:51:17
M,29,4313,18,01/01/2018,0:16:15,140,01/01/2018,0:40:13
M,34,9063,18,01/01/2018,0:17:06,140,01/01/2018,0:40:07
M,20,9699,31,01/01/2018,0:17:09,381,01/01/2018,1:02:36
M,52,7541,31,01/01/2018,0:17:22,381,01/01/2018,1:02:13
M,24,9929,18,01/01/2018,0:17:45,140,01/01/2018,0:40:22
F,56,2467,121,01/01/2018,0:17:45,123,01/01/2018,0:34:57
M,34,10860,16,01/01/2018,0:18:03,197,01/01/2018,0:43:24
M,54,9343,16,01/01/2018,0:18:43,109,01/01/2018,0:41:46
M,21,7374,18,01/01/2018,0:20:08,270,01/01/2018,0:34:19
F,36,9652,6,01/01/2018,0:20:15,1,01/01/2018,0:23:23
M,57,3660,6,01/01/2018,0:20:26,1,01/01/2018,0:23:39
F,34,1941,19,01/01/2018,0:20:47,116,01/01/2018,0:29:12
F,27,4121,124,01/01/2018,0:20:48,58,01/01/2018,0:34:23
M,29,7414,34,01/01/2018,0:20:52,162,01/01/2018,0:33:27
M,34,8663,6,01/01/2018,0:21:13,276,01/01/2018,0:35:56
M,20,2903,18,01/01/2018,0:21:43,270,01/01/2018,0:34:12
M,34,4368,19,01/01/2018,0:23:45,86,01/01/2018,0:29:59
F,20,9299,20,01/01/2018,0:23:54,270,01/01/2018,0:34:33
F,30,7935,20,01/01/2018,0:24:12,272,01/01/2018,0:42:30
M,51,10513,18,01/01/2018,0:24:41,41,01/01/2018,0:37:38
M,35,10156,32,01/01/2018,0:24:47,63,01/01/2018,0:41:14
F,27,7237,18,01/01/2018,0:24:52,41,01/01/2018,0:37:45
M,26,8499,137,01/01/2018,0:25:00,145,01/01/2018,0:30:29
M,29,9902,37,01/01/2018,0:25:39,131,01/01/2018,1:04:20
M,40,4001,47,01/01/2018,0:28:01,49,01/01/2018,0:34:56
M,30,8153,422,01/01/2018,0:28:47,422,01/01/2018,2:22:08
F,20,7107,373,01/01/2018,5:00:14,169,01/01/2018,5:17:15
M,30,8685,270,01/01/2018,5:02:05,165,01/01/2018,5:23:31
M,25,3008,120,01/01/2018,5:03:30,137,01/01/2018,5:07:22
M,30,8727,179,01/01/2018,5:05:12,84,01/01/2018,5:17:06
M,37,9575,112,01/01/2018,5:07:11,163,01/01/2018,5:19:55
M,23,7666,270,01/01/2018,5:09:22,116,01/01/2018,5:14:29
F,32,9745,142,01/01/2018,5:11:28,81,01/01/2018,5:20:01
F,31,8581,142,01/01/2018,5:11:53,83,01/01/2018,5:21:25
M,28,6855,40,01/01/2018,5:13:52,290,01/01/2018,5:37:14
M,35,3531,56,01/01/2018,5:16:21,18,01/01/2018,5:27:09
M,32,9055,24,01/01/2018,5:18:05,136,01/01/2018,5:25:52
M,43,9525,43,01/01/2018,5:18:40,107,01/01/2018,5:24:12
M,30,3495,326,01/01/2018,5:19:47,169,01/01/2018,5:29:49
M,35,6795,54,01/01/2018,5:20:54,123,01/01/2018,5:32:44
M,29,7673,280,01/01/2018,5:23:34,58,01/01/2018,5:38:35
M,23,10233,20,01/01/2018,5:25:48,252,01/01/2018,5:36:14
F,31,8619,278,01/01/2018,5:29:57,435,01/01/2018,5:47:32
M,28,10663,47,01/01/2018,5:39:35,23,01/01/2018,5:44:26
M,29,9815,162,01/01/2018,5:41:29,279,01/01/2018,5:46:05
M,67,10807,173,01/01/2018,5:41:53,184,01/01/2018,5:52:54
M,30,10176,310,01/01/2018,5:45:12,439,01/01/2018,6:04:36
M,21,9649,234,01/01/2018,5:51:30,204,01/01/2018,5:55:06
M,25,1998,189,01/01/2018,5:53:20,290,01/01/2018,6:19:56
M,29,10931,54,01/01/2018,6:00:26,57,01/01/2018,6:02:59
M,23,9277,285,01/01/2018,6:07:37,167,01/01/2018,6:12:14
M,65,9190,31,01/01/2018,6:12:50,127,01/01/2018,6:17:44
M,54,7334,182,01/01/2018,6:15:11,172,01/01/2018,6:20:58
M,31,8884,114,01/01/2018,6:15:29,321,01/01/2018,6:35:37
M,42,10230,328,01/01/2018,6:15:34,435,01/01/2018,6:37:20
M,23,10519,167,01/01/2018,6:16:27,285,01/01/2018,6:22:21
M,24,4178,86,01/01/2018,6:18:08,14,01/01/2018,6:27:33
M,33,10516,224,01/01/2018,6:18:58,249,01/01/2018,6:39:31
M,21,9713,63,01/01/2018,6:21:26,80,01/01/2018,6:26:32
M,26,9419,197,01/01/2018,6:21:32,271,01/01/2018,6:51:08
F,25,7845,86,01/01/2018,6:22:17,315,01/01/2018,6:54:34
M,25,8595,290,01/01/2018,6:22:24,182,01/01/2018,6:56:57
M,28,2221,277,01/01/2018,6:23:38,83,01/01/2018,6:33:44
M,26,1495,136,01/01/2018,6:28:07,123,01/01/2018,6:36:02
M,30,7972,136,01/01/2018,6:28:16,123,01/01/2018,6:36:05
M,29,8882,225,01/01/2018,6:28:45,180,01/01/2018,6:44:27
M,58,10454,34,01/01/2018,6:29:51,83,01/01/2018,6:43:17
M,24,10106,227,01/01/2018,6:39:49,180,01/01/2018,7:02:10
M,54,3825,26,01/01/2018,6:40:43,43,01/01/2018,7:12:47
M,22,3826,165,01/01/2018,6:44:44,168,01/01/2018,6:53:56
M,46,2640,238,01/01/2018,6:45:39,31,01/01/2018,6:56:34
M,30,8689,32,01/01/2018,6:46:35,112,01/01/2018,6:58:31
M,29,9287,142,01/01/2018,6:47:05,161,01/01/2018,7:07:57
M,23,10318,182,01/01/2018,6:48:42,42,01/01/2018,6:57:27
M,25,3341,63,01/01/2018,6:49:33,165,01/01/2018,6:58:33
M,30,10407,52,01/01/2018,6:51:12,136,01/01/2018,7:07:50
M,23,10140,233,01/01/2018,6:51:39,121,01/01/2018,7:08:15
M,55,10448,38,01/01/2018,6:54:00,129,01/01/2018,6:58:33
M,23,7289,60,01/01/2018,6:54:18,169,01/01/2018,7:04:20
M,25,1813,182,01/01/2018,7:00:46,189,01/01/2018,7:24:24
M,59,7071,52,01/01/2018,7:01:22,8,01/01/2018,7:11:43
M,36,6851,419,01/01/2018,7:05:34,385,01/01/2018,7:10:50
F,29,2851,133,01/01/2018,7:06:55,145,01/01/2018,7:17:41
F,48,7423,288,01/01/2018,7:07:26,421,01/01/2018,7:28:28
M,31,8468,215,01/01/2018,7:10:15,245,01/01/2018,7:15:27
M,30,2717,349,01/01/2018,7:10:44,131,01/01/2018,7:29:22
M,27,7242,172,01/01/2018,7:13:37,49,01/01/2018,7:20:43
M,41,3047,26,01/01/2018,7:18:27,271,01/01/2018,7:53:56
M,54,10491,43,01/01/2018,7:20:41,29,01/01/2018,7:24:45
F,24,1388,409,01/01/2018,7:22:42,393,01/01/2018,7:31:58
F,31,3837,165,01/01/2018,7:22:54,39,01/01/2018,7:33:13
M,75,2499,340,01/01/2018,7:24:08,340,01/01/2018,7:51:56
M,30,4114,182,01/01/2018,7:24:51,34,01/01/2018,7:37:51
M,39,7219,182,01/01/2018,7:25:09,180,01/01/2018,7:27:43
M,50,1469,198,01/01/2018,7:27:36,208,01/01/2018,7:34:41
M,28,8802,270,01/01/2018,7:28:33,10,01/01/2018,7:31:49
M,37,10084,163,01/01/2018,7:29:43,41,01/01/2018,7:49:15
M,46,2203,404,01/01/2018,7:31:17,428,01/01/2018,7:37:53
F,33,9762,333,01/01/2018,7:32:46,333,01/01/2018,7:38:25
M,58,7364,174,01/01/2018,7:37:00,3,01/01/2018,7:46:06
F,35,7552,86,01/01/2018,7:37:07,16,01/01/2018,7:42:41
F,30,7871,414,01/01/2018,7:37:30,420,01/01/2018,7:41:21
M,56,1895,194,01/01/2018,7:38:50,31,01/01/2018,7:49:41
M,41,9071,87,01/01/2018,7:39:01,19,01/01/2018,8:07:19
M,34,10059,12,01/01/2018,7:39:11,208,01/01/2018,7:58:30
F,27,9701,287,01/01/2018,7:39:55,287,01/01/2018,8:36:01
M,31,10926,345,01/01/2018,7:40:17,372,01/01/2018,7:45:35
F,28,7942,345,01/01/2018,7:40:28,372,01/01/2018,7:45:36
M,35,4246,69,01/01/2018,7:40:29,113,01/01/2018,7:50:11
M,37,8226,271,01/01/2018,7:44:38,183,01/01/2018,7:55:28
M,28,7196,233,01/01/2018,7:45:12,295,01/01/2018,8:18:34
M,28,8466,18,01/01/2018,7:46:35,19,01/01/2018,7:50:10
M,30,2742,404,01/01/2018,7:47:35,396,01/01/2018,7:56:58
M,32,10770,308,01/01/2018,7:47:38,285,01/01/2018,7:51:53
M,60,2809,270,01/01/2018,7:49:13,43,01/01/2018,7:54:12
M,21,8648,255,01/01/2018,7:49:17,450,01/01/2018,7:55:15
M,28,8704,413,01/01/2018,7:49:45,439,01/01/2018,7:53:26
F,27,1879,116,01/01/2018,7:49:48,52,01/01/2018,7:57:42
M,28,7757,19,01/01/2018,7:50:30,90,01/01/2018,8:09:10
M,33,7705,390,01/01/2018,7:52:49,326,01/01/2018,7:58:28
M,39,10540,107,01/01/2018,7:53:31,113,01/01/2018,7:56:40
M,25,7444,35,01/01/2018,7:54:58,8,01/01/2018,7:57:48
F,27,8017,150,01/01/2018,7:55:13,148,01/01/2018,7:59:47
M,27,3293,4,01/01/2018,7:55:32,24,01/01/2018,7:57:48
M,69,1786,146,01/01/2018,7:55:57,165,01/01/2018,8:02:09
M,22,10968,113,01/01/2018,7:56:58,79,01/01/2018,8:12:34
M,37,3885,271,01/01/2018,7:57:11,26,01/01/2018,8:02:22
M,30,7704,49,01/01/2018,7:59:34,45,01/01/2018,8:01:22
M,43,10411,272,01/01/2018,8:00:08,107,01/01/2018,8:09:58
M,29,3630,292,01/01/2018,8:00:30,304,01/01/2018,8:04:54
M,28,9324,440,01/01/2018,8:00:46,431,01/01/2018,8:05:08
M,65,8093,278,01/01/2018,8:02:31,295,01/01/2018,8:09:02
M,34,7485,46,01/01/2018,8:02:47,270,01/01/2018,8:15:17
M,26,1901,178,01/01/2018,8:04:26,178,01/01/2018,8:23:02
M,27,7674,97,01/01/2018,8:06:33,89,01/01/2018,8:10:10
M,46,10172,340,01/01/2018,8:06:52,376,01/01/2018,8:12:16
M,42,6899,116,01/01/2018,8:06:57,107,01/01/2018,8:10:16
M,64,7047,317,01/01/2018,8:07:06,359,01/01/2018,8:17:54
M,53,7401,285,01/01/2018,8:08:17,43,01/01/2018,8:36:42
M,42,1695,35,01/01/2018,8:10:41,271,01/01/2018,8:25:10
M,27,9837,24,01/01/2018,8:11:31,243,01/01/2018,8:24:42
F,47,8981,38,01/01/2018,8:12:54,19,01/01/2018,8:21:40
M,32,9318,21,01/01/2018,8:13:10,208,01/01/2018,8:34:31
M,40,10833,346,01/01/2018,8:13:15,346,01/01/2018,8:17:50
M,49,2491,277,01/01/2018,8:13:55,280,01/01/2018,8:15:47
M,27,10097,271,01/01/2018,8:14:58,118,01/01/2018,8:22:40
M,35,10823,49,01/01/2018,8:17:02,66,01/01/2018,8:23:17
M,44,8489,134,01/01/2018,8:17:17,59,01/01/2018,8:21:43
F,20,1552,356,01/01/2018,8:17:38,393,01/01/2018,8:24:26
M,26,10246,145,01/01/2018,8:17:53,159,01/01/2018,8:26:16
M,41,3885,26,01/01/2018,8:18:17,88,01/01/2018,8:47:58
F,55,2126,336,01/01/2018,8:22:45,390,01/01/2018,8:33:40
M,38,9783,386,01/01/2018,8:23:23,307,01/01/2018,8:44:39
M,31,8605,163,01/01/2018,8:23:56,295,01/01/2018,8:29:12
F,51,6820,232,01/01/2018,8:27:05,19,01/01/2018,9:14:47
F,46,10468,262,01/01/2018,8:27:57,10,01/01/2018,8:44:29
M,29,10537,271,01/01/2018,8:30:40,448,01/01/2018,8:42:10
M,27,10119,167,01/01/2018,8:34:00,163,01/01/2018,8:41:41
M,33,8439,324,01/01/2018,8:35:42,351,01/01/2018,8:48:19
F,55,9624,416,01/01/2018,8:39:01,344,01/01/2018,9:09:10
M,30,9572,237,01/01/2018,8:41:16,227,01/01/2018,8:48:41
M,45,2127,182,01/01/2018,8:42:32,70,01/01/2018,9:01:49
M,36,7256,119,01/01/2018,8:43:58,165,01/01/2018,8:57:31
M,42,7630,6,01/01/2018,8:44:03,121,01/01/2018,8:48:29
M,22,3440,10,01/01/2018,8:46:27,49,01/01/2018,9:01:10
M,41,9829,285,01/01/2018,8:46:28,179,01/01/2018,11:15:34
M,40,10495,77,01/01/2018,8:46:30,234,01/01/2018,8:59:50
M,23,8413,390,01/01/2018,8:47:42,304,01/01/2018,8:56:49
M,21,1490,169,01/01/2018,8:48:07,87,01/01/2018,9:08:28
F,56,1464,320,01/01/2018,8:48:21,320,01/01/2018,9:08:04
M,28,2789,439,01/01/2018,8:48:27,413,01/01/2018,8:52:50
M,31,2121,35,01/01/2018,8:48:54,1,01/01/2018,8:55:54
M,56,7461,60,01/01/2018,8:51:16,74,01/01/2018,8:54:52
M,42,8628,232,01/01/2018,8:51:32,38,01/01/2018,9:04:22
M,60,9500,200,01/01/2018,8:51:44,194,01/01/2018,9:08:06
M,29,7740,193,01/01/2018,8:52:07,19,01/01/2018,9:10:41
F,25,3148,440,01/01/2018,8:54:47,444,01/01/2018,9:02:13
M,38,9516,67,01/01/2018,8:55:06,146,01/01/2018,8:58:45
M,27,10898,243,01/01/2018,8:55:25,4,01/01/2018,9:09:44
M,48,8624,242,01/01/2018,8:58:58,208,01/01/2018,9:04:50
M,31,10626,321,01/01/2018,8:59:12,116,01/01/2018,9:24:36
F,27,4388,61,01/01/2018,9:00:10,58,01/01/2018,9:18:07
M,63,3314,383,01/01/2018,9:00:34,384,01/01/2018,9:04:17
M,53,2422,43,01/01/2018,9:00:41,285,01/01/2018,9:29:37
M,30,2445,46,01/01/2018,9:01:00,51,01/01/2018,9:03:39
M,66,2836,24,01/01/2018,9:01:43,37,01/01/2018,9:11:41
F,43,10492,72,01/01/2018,9:02:27,72,01/01/2018,9:11:09
M,36,4096,4,01/01/2018,9:03:01,148,01/01/2018,9:22:07
F,33,8932,286,01/01/2018,9:03:47,184,01/01/2018,9:14:11
M,56,8802,10,01/01/2018,9:04:46,124,01/01/2018,9:14:33
M,26,8987,158,01/01/2018,9:08:35,147,01/01/2018,9:12:27
M,52,10862,324,01/01/2018,9:10:39,311,01/01/2018,9:28:31
M,45,10525,59,01/01/2018,9:11:30,44,01/01/2018,10:33:20
M,47,2018,18,01/01/2018,9:11:43,1,01/01/2018,9:21:48
F,55,9992,344,01/01/2018,9:12:23,336,01/01/2018,9:18:22
M,43,10381,107,01/01/2018,9:12:28,272,01/01/2018,9:21:41
M,26,10914,107,01/01/2018,9:13:06,43,01/01/2018,9:32:47
M,48,10596,165,01/01/2018,9:13:52,64,01/01/2018,9:50:43
M,45,7537,158,01/01/2018,9:13:59,145,01/01/2018,9:27:59
M,54,4134,19,01/01/2018,9:14:12,41,01/01/2018,9:29:56
F,28,9510,298,01/01/2018,9:14:13,427,01/01/2018,9:42:34
M,23,10547,38,01/01/2018,9:14:22,62,01/01/2018,9:20:55
M,28,9935,317,01/01/2018,9:15:50,361,01/01/2018,9:22:55
M,42,10867,234,01/01/2018,9:16:28,188,01/01/2018,15:06:01
M,19,7012,74,01/01/2018,9:16:44,130,01/01/2018,9:26:55
F,51,9261,19,01/01/2018,9:17:03,52,01/01/2018,9:39:53
M,68,3134,68,01/01/2018,9:18:04,66,01/01/2018,9:28:21
M,43,2500,77,01/01/2018,9:19:25,53,01/01/2018,9:23:07
F,26,8966,99,01/01/2018,9:20:09,17,01/01/2018,9:53:28
M,37,7822,99,01/01/2018,9:20:25,17,01/01/2018,9:53:31
M,30,2424,406,01/01/2018,9:20:54,337,01/01/2018,9:30:35
M,30,8459,51,01/01/2018,9:21:18,129,01/01/2018,9:25:59
F,27,8151,58,01/01/2018,9:24:55,133,01/01/2018,9:33:44
M,46,10410,135,01/01/2018,9:25:13,68,01/01/2018,9:39:36
M,72,10021,233,01/01/2018,9:25:22,195,01/01/2018,10:08:00
M,69,7284,43,01/01/2018,9:25:24,97,01/01/2018,9:37:46
M,23,8886,136,01/01/2018,9:26:17,126,01/01/2018,9:28:55
M,36,6771,337,01/01/2018,9:26:19,377,01/01/2018,9:34:34
F,41,10779,207,01/01/2018,9:29:21,226,01/01/2018,9:32:56
M,56,10975,124,01/01/2018,9:29:56,149,01/01/2018,10:02:49
M,39,4095,81,01/01/2018,9:30:48,49,01/01/2018,9:39:03
F,33,2950,402,01/01/2018,9:31:05,83,01/01/2018,9:59:10
M,35,9406,402,01/01/2018,9:31:17,83,01/01/2018,9:59:08
M,39,10476,15,01/01/2018,9:31:17,194,01/01/2018,9:43:45
M,26,10350,348,01/01/2018,9:31:27,299,01/01/2018,9:45:12
M,32,7632,288,01/01/2018,9:32:12,329,01/01/2018,9:36:20
M,39,10958,52,01/01/2018,9:33:31,194,01/01/2018,10:17:08
M,26,7927,83,01/01/2018,9:34:35,75,01/01/2018,9:44:31
M,26,4269,43,01/01/2018,9:35:08,17,01/01/2018,9:48:04
M,30,3341,165,01/01/2018,9:35:59,328,01/01/2018,9:52:47
M,18,4257,52,01/01/2018,9:36:57,89,01/01/2018,9:43:10
M,31,10556,125,01/01/2018,9:37:48,321,01/01/2018,9:57:13
M,50,1415,291,01/01/2018,9:40:16,163,01/01/2018,9:49:18
M,23,1999,186,01/01/2018,9:42:01,186,01/01/2018,10:08:21
M,46,10257,114,01/01/2018,9:42:52,89,01/01/2018,10:05:09
M,33,2625,201,01/01/2018,9:44:59,211,01/01/2018,9:47:31
F,38,8274,84,01/01/2018,9:45:01,63,01/01/2018,9:50:57
M,27,10022,57,01/01/2018,9:45:52,61,01/01/2018,9:54:49
M,25,9244,244,01/01/2018,9:47:49,197,01/01/2018,9:54:49
M,47,4304,16,01/01/2018,9:51:43,228,01/01/2018,10:11:19
M,43,9026,16,01/01/2018,9:52:11,228,01/01/2018,10:11:27
M,25,10818,182,01/01/2018,9:52:44,301,01/01/2018,9:58:43
M,55,9000,1,01/01/2018,9:52:51,34,01/01/2018,9:59:41
F,31,10658,123,01/01/2018,9:52:55,12,01/01/2018,10:08:23
M,27,2783,4,01/01/2018,9:53:11,24,01/01/2018,9:56:17
F,30,7637,134,01/01/2018,9:54:06,69,01/01/2018,10:06:51
M,31,9290,134,01/01/2018,9:54:19,69,01/01/2018,10:06:47
M,34,7338,135,01/01/2018,9:54:42,134,01/01/2018,9:56:49
M,52,6927,66,01/01/2018,9:55:22,49,01/01/2018,9:59:50
M,41,2541,208,01/01/2018,9:55:23,243,01/01/2018,10:28:15
F,27,6904,294,01/01/2018,9:55:36,302,01/01/2018,10:03:55
M,25,9791,294,01/01/2018,9:55:49,302,01/01/2018,10:03:47
M,68,7647,66,01/01/2018,9:56:06,49,01/01/2018,9:59:41
M,28,8643,39,01/01/2018,9:56:48,39,01/01/2018,10:15:45
M,33,2073,40,01/01/2018,9:57:05,5,01/01/2018,10:02:12
M,25,9485,52,01/01/2018,9:57:49,88,01/01/2018,12:45:36
M,56,10212,189,01/01/2018,9:59:20,54,01/01/2018,10:07:29
M,38,3379,248,01/01/2018,10:02:04,146,01/01/2018,10:16:20
M,66,9188,369,01/01/2018,10:03:00,369,01/01/2018,10:14:44
F,33,9977,80,01/01/2018,10:03:13,3,01/01/2018,10:31:09
M,35,8063,80,01/01/2018,10:03:26,3,01/01/2018,10:31:42
M,43,1710,53,01/01/2018,10:04:23,77,01/01/2018,10:09:32
M,21,6897,52,01/01/2018,10:05:10,88,01/01/2018,12:45:14
M,26,9495,17,01/01/2018,10:06:57,183,01/01/2018,10:16:50
M,46,3466,151,01/01/2018,10:07:14,157,01/01/2018,10:13:40
M,34,9912,86,01/01/2018,10:07:23,41,01/01/2018,10:16:05
M,56,7243,38,01/01/2018,10:08:13,28,01/01/2018,10:11:53
M,27,7408,63,01/01/2018,10:08:15,57,01/01/2018,10:10:58
M,31,7237,41,01/01/2018,10:08:45,41,01/01/2018,10:31:37
M,31,3060,218,01/01/2018,10:10:02,31,01/01/2018,10:27:15
F,26,7070,145,01/01/2018,10:10:25,159,01/01/2018,10:15:02
M,35,10610,85,01/01/2018,10:10:25,271,01/01/2018,10:19:18
M,61,7849,68,01/01/2018,10:10:47,68,01/01/2018,10:16:15
F,24,9454,150,01/01/2018,10:11:53,70,01/01/2018,10:17:34
M,72,7653,195,01/01/2018,10:11:57,4,01/01/2018,10:22:29
F,24,8170,150,01/01/2018,10:12:06,70,01/01/2018,10:17:31
F,23,7624,183,01/01/2018,10:12:37,452,01/01/2018,10:28:18
M,44,9864,64,01/01/2018,10:12:53,145,01/01/2018,10:16:07
M,43,7897,228,01/01/2018,10:13:44,16,01/01/2018,10:46:09
F,46,9229,19,01/01/2018,10:13:45,89,01/01/2018,10:29:52
M,54,9611,141,01/01/2018,10:13:59,146,01/01/2018,10:33:27
M,47,4366,228,01/01/2018,10:14:24,16,01/01/2018,10:45:57
M,64,9904,439,01/01/2018,10:14:42,299,01/01/2018,10:34:15
M,56,3892,28,01/01/2018,10:15:30,252,01/01/2018,10:22:29
F,33,2251,135,01/01/2018,10:15:36,59,01/01/2018,10:22:13
M,24,9615,356,01/01/2018,10:16:10,361,01/01/2018,10:19:17
M,35,10371,390,01/01/2018,10:16:17,421,01/01/2018,10:18:09
F,32,3132,439,01/01/2018,10:16:37,40,01/01/2018,10:54:04
M,56,8538,386,01/01/2018,10:16:51,182,01/01/2018,10:42:03
F,47,9596,129,01/01/2018,10:18:10,31,01/01/2018,10:23:34
M,33,8855,174,01/01/2018,10:18:24,85,01/01/2018,10:23:48
M,51,9562,49,01/01/2018,10:18:28,187,01/01/2018,10:28:18
F,30,2006,1,01/01/2018,10:19:01,134,01/01/2018,10:27:31
M,26,10108,183,01/01/2018,10:19:02,18,01/01/2018,10:25:40
M,41,10134,1,01/01/2018,10:19:16,174,01/01/2018,10:25:15
F,36,4243,8,01/01/2018,10:19:50,112,01/01/2018,10:25:48
M,28,9779,170,01/01/2018,10:19:59,19,01/01/2018,10:52:17
M,34,7797,209,01/01/2018,10:20:08,198,01/01/2018,10:22:29
F,36,3220,152,01/01/2018,10:20:49,53,01/01/2018,10:34:26
M,33,3411,47,01/01/2018,10:22:05,47,01/01/2018,10:25:14
M,55,3108,85,01/01/2018,10:22:15,51,01/01/2018,10:29:38
F,31,10300,76,01/01/2018,10:22:34,158,01/01/2018,10:30:11
M,62,4228,44,01/01/2018,10:22:36,70,01/01/2018,10:32:32
M,45,7490,54,01/01/2018,10:22:49,182,01/01/2018,10:51:32
M,27,9703,150,01/01/2018,10:23:29,154,01/01/2018,10:30:12
M,56,4343,252,01/01/2018,10:25:17,452,01/01/2018,10:32:21
M,44,3329,164,01/01/2018,10:25:41,143,01/01/2018,10:38:14
M,31,8540,125,01/01/2018,10:27:00,376,01/01/2018,10:50:04
M,27,4001,49,01/01/2018,10:27:05,53,01/01/2018,10:29:07
M,47,10973,42,01/01/2018,10:27:18,24,01/01/2018,10:36:51
F,35,9055,136,01/01/2018,10:27:47,200,01/01/2018,10:55:56
M,38,7347,353,01/01/2018,10:29:10,392,01/01/2018,10:35:11
M,33,9368,39,01/01/2018,10:30:00,3,01/01/2018,10:40:59
M,36,1887,358,01/01/2018,10:31:38,337,01/01/2018,10:36:42
M,44,1570,145,01/01/2018,10:31:39,141,01/01/2018,10:38:26
M,28,1651,144,01/01/2018,10:31:53,119,01/01/2018,10:42:47
M,70,11035,32,01/01/2018,10:31:56,148,01/01/2018,11:00:09
F,33,9484,158,01/01/2018,10:32:39,134,01/01/2018,10:49:15
M,53,10218,75,01/01/2018,10:32:40,83,01/01/2018,10:35:13
M,46,7007,377,01/01/2018,10:33:06,386,01/01/2018,11:08:20
M,32,8264,233,01/01/2018,10:34:15,230,01/01/2018,10:48:45
M,30,10470,129,01/01/2018,10:34:20,51,01/01/2018,10:38:34
M,31,2728,114,01/01/2018,10:35:20,42,01/01/2018,10:46:59
M,40,10690,114,01/01/2018,10:35:30,42,01/01/2018,10:47:05
M,20,11040,35,01/01/2018,10:36:52,151,01/01/2018,10:48:16
M,27,1629,53,01/01/2018,10:37:43,49,01/01/2018,10:39:53
M,45,10241,291,01/01/2018,10:38:12,271,01/01/2018,11:07:23
M,27,3696,66,01/01/2018,10:38:17,166,01/01/2018,10:43:34
M,23,10435,58,01/01/2018,10:38:21,62,01/01/2018,10:42:33
M,37,10443,262,01/01/2018,10:38:48,85,01/01/2018,10:56:24
M,35,9242,290,01/01/2018,10:38:50,80,01/01/2018,10:45:52
M,29,10935,4,01/01/2018,10:39:51,23,01/01/2018,10:42:09
M,28,4286,80,01/01/2018,10:41:15,73,01/01/2018,10:43:55
M,25,10950,430,01/01/2018,10:41:30,405,01/01/2018,10:45:40
M,54,10277,58,01/01/2018,10:41:54,57,01/01/2018,10:54:58
M,39,2234,32,01/01/2018,10:42:38,170,01/01/2018,11:00:42
M,71,10321,12,01/01/2018,10:43:10,121,01/01/2018,10:48:33
F,54,8595,182,01/01/2018,10:43:20,76,01/01/2018,10:48:06
M,51,3440,49,01/01/2018,10:43:24,64,01/01/2018,10:51:41
F,57,10595,134,01/01/2018,10:43:31,6,01/01/2018,10:51:43
F,25,2836,37,01/01/2018,10:44:26,64,01/01/2018,10:49:30
M,45,7925,158,01/01/2018,10:44:30,128,01/01/2018,10:58:00
F,17,7366,158,01/01/2018,10:44:44,128,01/01/2018,10:57:30
M,57,8438,302,01/01/2018,10:45:06,131,01/01/2018,11:00:31
M,56,8961,43,01/01/2018,10:46:07,90,01/01/2018,10:59:46
M,34,6969,145,01/01/2018,10:47:15,121,01/01/2018,10:56:27
M,41,8667,11,01/01/2018,10:48:00,103,01/01/2018,11:00:23
M,37,11061,28,01/01/2018,10:49:02,23,01/01/2018,10:51:01
M,31,2466,135,01/01/2018,10:49:13,256,01/01/2018,11:07:25
M,30,7544,331,01/01/2018,10:50:21,165,01/01/2018,11:09:14
M,30,8696,240,01/01/2018,10:50:54,200,01/01/2018,11:02:29
M,45,1832,125,01/01/2018,10:50:55,12,01/01/2018,11:00:20
M,33,10611,417,01/01/2018,10:51:22,417,01/01/2018,12:07:04
M,35,10827,138,01/01/2018,10:51:30,131,01/01/2018,10:57:23
M,38,10933,415,01/01/2018,10:52:56,412,01/01/2018,10:58:51
M,71,2068,128,01/01/2018,10:53:09,40,01/01/2018,10:56:09
M,65,10855,107,01/01/2018,10:53:42,110,01/01/2018,10:59:51
F,46,10419,90,01/01/2018,10:53:44,19,01/01/2018,11:15:29
M,35,3841,14,01/01/2018,10:54:00,72,01/01/2018,11:06:25
M,33,7146,1,01/01/2018,10:54:42,12,01/01/2018,10:58:00
M,27,10301,271,01/01/2018,10:56:02,35,01/01/2018,11:14:01
M,35,8465,182,01/01/2018,10:56:31,440,01/01/2018,12:14:51
M,28,3811,19,01/01/2018,10:56:47,262,01/01/2018,11:17:51
M,32,8538,182,01/01/2018,10:56:58,440,01/01/2018,12:14:25
M,29,8764,19,01/01/2018,10:57:02,29,01/01/2018,11:03:00
M,42,8922,436,01/01/2018,10:57:20,439,01/01/2018,11:00:52
M,38,9556,291,01/01/2018,10:57:41,340,01/01/2018,11:07:59
F,34,9570,1,01/01/2018,10:58:51,19,01/01/2018,11:06:53
M,39,2509,195,01/01/2018,10:59:37,43,01/01/2018,11:35:13
M,65,2942,439,01/01/2018,11:00:05,278,01/01/2018,11:23:50
M,32,8302,370,01/01/2018,11:00:56,371,01/01/2018,11:02:53
M,76,10941,174,01/01/2018,11:01:44,271,01/01/2018,11:10:41
M,55,3044,51,01/01/2018,11:02:07,255,01/01/2018,11:12:31
F,26,10629,271,01/01/2018,11:02:19,134,01/01/2018,11:20:27
M,42,2186,288,01/01/2018,11:02:58,69,01/01/2018,11:17:39
M,26,9890,86,01/01/2018,11:03:27,225,01/01/2018,11:22:15
M,52,8390,228,01/01/2018,11:04:24,209,01/01/2018,11:13:22
M,37,7950,450,01/01/2018,11:04:28,19,01/01/2018,11:11:25
M,72,10098,207,01/01/2018,11:05:07,232,01/01/2018,11:11:52
M,67,9942,140,01/01/2018,11:05:35,69,01/01/2018,11:22:32
M,63,7494,140,01/01/2018,11:05:54,69,01/01/2018,11:21:28
F,30,6762,22,01/01/2018,11:06:05,452,01/01/2018,11:18:11
M,34,8740,140,01/01/2018,11:06:14,69,01/01/2018,11:21:56
M,42,9822,444,01/01/2018,11:06:24,443,01/01/2018,11:21:23
M,32,2791,140,01/01/2018,11:06:31,69,01/01/2018,11:21:13
M,29,10538,140,01/01/2018,11:06:50,69,01/01/2018,11:22:36
M,34,8916,140,01/01/2018,11:07:09,69,01/01/2018,11:23:25
M,42,9712,256,01/01/2018,11:07:30,1,01/01/2018,11:15:50
M,43,8879,194,01/01/2018,11:08:28,61,01/01/2018,13:09:16
M,73,4149,186,01/01/2018,11:09:09,166,01/01/2018,11:18:38
M,52,4095,49,01/01/2018,11:10:00,66,01/01/2018,11:16:04
M,68,7647,49,01/01/2018,11:10:30,66,01/01/2018,11:15:54
F,32,9241,338,01/01/2018,11:10:41,338,01/01/2018,11:16:46
F,44,9411,23,01/01/2018,11:10:45,194,01/01/2018,11:16:31
M,69,10297,97,01/01/2018,11:11:23,43,01/01/2018,11:26:24
M,34,1675,164,01/01/2018,11:11:40,154,01/01/2018,11:15:18
M,46,10463,385,01/01/2018,11:12:20,377,01/01/2018,11:23:25
M,33,4116,1,01/01/2018,11:12:23,4,01/01/2018,11:16:26
M,71,10999,42,01/01/2018,11:12:40,150,01/01/2018,11:28:47
M,43,10177,194,01/01/2018,11:13:14,61,01/01/2018,13:09:18
F,33,3458,86,01/01/2018,11:13:43,54,01/01/2018,11:33:12
M,35,8345,86,01/01/2018,11:13:59,54,01/01/2018,11:33:23
M,28,8937,288,01/01/2018,11:14:02,318,01/01/2018,11:28:02
M,65,6872,164,01/01/2018,11:14:14,154,01/01/2018,11:20:49
F,26,8871,14,01/01/2018,11:14:16,99,01/01/2018,11:42:49
M,45,10100,427,01/01/2018,11:14:21,398,01/01/2018,11:19:39
M,37,8894,14,01/01/2018,11:14:29,99,01/01/2018,11:42:52
M,35,9788,15,01/01/2018,11:14:35,29,01/01/2018,11:26:38
M,64,3752,43,01/01/2018,11:14:36,96,01/01/2018,11:19:04
M,60,1493,291,01/01/2018,11:14:42,302,01/01/2018,11:18:05
M,39,10782,70,01/01/2018,11:15:19,61,01/01/2018,11:52:09
F,28,7642,452,01/01/2018,11:16:12,365,01/01/2018,11:39:48
F,27,9855,169,01/01/2018,11:17:35,136,01/01/2018,11:29:25
M,71,8539,40,01/01/2018,11:17:52,12,01/01/2018,11:31:47
M,39,10754,354,01/01/2018,11:18:13,363,01/01/2018,11:22:27
M,27,8807,166,01/01/2018,11:18:16,66,01/01/2018,11:22:56
F,25,10092,169,01/01/2018,11:18:27,136,01/01/2018,11:29:22
M,34,10084,41,01/01/2018,11:18:42,17,01/01/2018,11:28:34
M,51,10420,15,01/01/2018,11:20:19,228,01/01/2018,12:01:27
M,32,4003,404,01/01/2018,11:20:45,412,01/01/2018,11:31:17
F,47,7043,287,01/01/2018,11:21:04,77,01/01/2018,11:31:56
F,27,9521,188,01/01/2018,11:21:05,141,01/01/2018,11:37:09
M,33,4131,12,01/01/2018,11:21:30,1,01/01/2018,11:29:24
M,66,1999,186,01/01/2018,11:21:47,187,01/01/2018,11:23:52
M,56,10599,63,01/01/2018,11:22:58,79,01/01/2018,11:29:45
M,50,9652,1,01/01/2018,11:23:27,19,01/01/2018,11:32:43
M,23,2928,129,01/01/2018,11:24:20,149,01/01/2018,11:49:23
M,26,9605,318,01/01/2018,11:24:28,286,01/01/2018,11:34:37
M,19,6764,15,01/01/2018,11:24:49,228,01/01/2018,12:00:27
M,46,10908,359,01/01/2018,11:26:01,373,01/01/2018,11:34:45
M,60,8772,302,01/01/2018,11:26:19,291,01/01/2018,11:32:32
M,40,1692,319,01/01/2018,11:26:35,295,01/01/2018,11:29:35
M,32,10042,201,01/01/2018,11:26:50,120,01/01/2018,11:49:34
F,38,9957,54,01/01/2018,11:27:29,369,01/01/2018,12:04:29
M,24,7270,15,01/01/2018,11:27:41,228,01/01/2018,11:56:14
M,30,2403,42,01/01/2018,11:28:21,363,01/01/2018,11:48:14
M,41,4353,271,01/01/2018,11:28:40,112,01/01/2018,11:48:28
M,23,3102,141,01/01/2018,11:28:40,141,01/01/2018,11:53:47
M,34,9722,149,01/01/2018,11:28:53,149,01/01/2018,11:45:00
M,29,6918,79,01/01/2018,11:29:24,43,01/01/2018,11:49:40
F,24,8320,192,01/01/2018,11:29:39,18,01/01/2018,11:43:43
M,24,1963,15,01/01/2018,11:30:43,228,01/01/2018,12:00:54
M,43,10530,271,01/01/2018,11:30:53,107,01/01/2018,11:41:47
M,51,6955,187,01/01/2018,11:30:54,169,01/01/2018,11:40:06
M,70,10407,136,01/01/2018,11:31:56,129,01/01/2018,11:34:58
F,32,4134,41,01/01/2018,11:33:19,21,01/01/2018,11:50:50
F,19,7396,84,01/01/2018,11:33:25,79,01/01/2018,11:36:22
F,44,7867,194,01/01/2018,11:33:32,18,01/01/2018,11:42:42
F,23,1538,169,01/01/2018,11:33:32,47,01/01/2018,11:44:57
M,54,8375,208,01/01/2018,11:34:49,242,01/01/2018,11:44:24
M,57,9457,4,01/01/2018,11:34:58,452,01/01/2018,11:48:01
F,54,3490,245,01/01/2018,11:34:59,245,01/01/2018,11:58:33
M,30,9255,171,01/01/2018,11:35:03,14,01/01/2018,11:47:31
M,56,10510,286,01/01/2018,11:35:10,283,01/01/2018,11:42:56
M,55,10652,245,01/01/2018,11:35:14,245,01/01/2018,11:58:30
M,28,6968,55,01/01/2018,11:35:18,55,01/01/2018,11:42:32
M,43,9962,101,01/01/2018,11:35:31,109,01/01/2018,11:39:36
M,28,2842,219,01/01/2018,11:36:00,197,01/01/2018,11:39:37
M,27,10589,89,01/01/2018,11:36:02,87,01/01/2018,11:53:01
M,24,2355,89,01/01/2018,11:36:37,87,01/01/2018,11:52:12
M,38,1455,133,01/01/2018,11:36:45,47,01/01/2018,11:45:24
M,63,1699,258,01/01/2018,11:36:47,70,01/01/2018,11:43:51
M,26,1753,34,01/01/2018,11:37:10,56,01/01/2018,11:42:34
M,25,4032,210,01/01/2018,11:37:45,240,01/01/2018,11:45:51
M,41,1707,197,01/01/2018,11:38:29,24,01/01/2018,12:17:38
M,68,9954,90,01/01/2018,11:38:31,89,01/01/2018,12:10:16
M,43,10860,197,01/01/2018,11:38:41,24,01/01/2018,12:17:16
M,43,6779,292,01/01/2018,11:38:43,306,01/01/2018,11:55:15
F,40,3835,292,01/01/2018,11:38:55,306,01/01/2018,11:55:06
M,54,7940,90,01/01/2018,11:39:05,15,01/01/2018,13:15:41
M,41,10092,136,01/01/2018,11:39:08,52,01/01/2018,12:04:23
F,33,6878,58,01/01/2018,11:39:26,402,01/01/2018,12:08:11
M,35,2933,58,01/01/2018,11:39:40,402,01/01/2018,12:08:28
M,39,9618,305,01/01/2018,11:39:40,305,01/01/2018,11:55:54
M,49,9281,295,01/01/2018,11:40:21,278,01/01/2018,11:46:13
M,62,10607,70,01/01/2018,11:40:55,447,01/01/2018,11:57:32
M,39,7084,342,01/01/2018,11:41:27,280,01/01/2018,11:54:33
M,23,2124,85,01/01/2018,11:41:57,233,01/01/2018,11:58:40
M,35,9700,86,01/01/2018,11:42:09,183,01/01/2018,11:47:53
M,72,10003,232,01/01/2018,11:42:19,207,01/01/2018,11:49:04
F,24,10917,52,01/01/2018,11:42:45,18,01/01/2018,11:52:16
M,70,8242,129,01/01/2018,11:43:18,136,01/01/2018,11:49:57
M,71,10196,70,01/01/2018,11:43:34,42,01/01/2018,11:54:30
M,47,3372,316,01/01/2018,11:43:45,371,01/01/2018,11:54:23
F,46,1897,316,01/01/2018,11:43:57,371,01/01/2018,11:54:18
M,27,8629,24,01/01/2018,11:44:08,4,01/01/2018,11:46:59
M,35,9244,197,01/01/2018,11:44:32,19,01/01/2018,12:15:41
M,61,9400,105,01/01/2018,11:44:36,110,01/01/2018,11:58:25
M,53,7114,38,01/01/2018,11:44:37,2,01/01/2018,11:53:48
F,47,9285,396,01/01/2018,11:44:48,435,01/01/2018,11:49:36
M,59,10513,41,01/01/2018,11:45:00,87,01/01/2018,11:51:15
M,53,10501,422,01/01/2018,11:45:09,429,01/01/2018,11:52:21
M,30,10734,337,01/01/2018,11:45:28,435,01/01/2018,11:55:02
M,24,3456,271,01/01/2018,11:46:14,103,01/01/2018,11:59:30
M,54,7804,90,01/01/2018,11:46:55,15,01/01/2018,13:26:05
M,34,2333,34,01/01/2018,11:47:02,19,01/01/2018,12:17:16
M,54,9592,43,01/01/2018,11:47:21,29,01/01/2018,11:50:56
F,34,10796,393,01/01/2018,11:47:31,372,01/01/2018,11:51:23
F,23,8929,118,01/01/2018,11:47:34,111,01/01/2018,11:55:47
M,38,3353,393,01/01/2018,11:47:44,372,01/01/2018,11:51:31
M,26,7486,321,01/01/2018,11:47:49,430,01/01/2018,12:00:26
M,28,4323,402,01/01/2018,11:48:11,431,01/01/2018,11:54:37
M,22,10795,110,01/01/2018,11:48:33,74,01/01/2018,12:03:20
M,32,9855,136,01/01/2018,11:49:04,58,01/01/2018,12:09:11
M,25,8146,326,01/01/2018,11:49:39,395,01/01/2018,12:02:15
M,69,3660,1,01/01/2018,11:50:25,21,01/01/2018,12:01:25
M,27,3002,276,01/01/2018,11:51:05,159,01/01/2018,11:59:45
F,40,9111,430,01/01/2018,11:51:22,375,01/01/2018,12:02:00
M,34,1384,162,01/01/2018,11:51:42,60,01/01/2018,12:05:17
M,44,8330,14,01/01/2018,11:51:54,89,01/01/2018,12:26:14
F,50,7490,182,01/01/2018,11:52:23,140,01/01/2018,12:05:46
F,32,6949,21,01/01/2018,11:53:31,41,01/01/2018,12:36:49
M,46,7861,29,01/01/2018,11:53:35,52,01/01/2018,13:55:51
M,44,8324,224,01/01/2018,11:54:11,223,01/01/2018,11:56:57
F,27,1875,181,01/01/2018,11:54:26,254,01/01/2018,12:15:14
M,28,7359,23,01/01/2018,11:54:37,126,01/01/2018,12:21:14
M,62,3145,62,01/01/2018,11:55:06,53,01/01/2018,11:57:08
M,60,2803,193,01/01/2018,11:55:09,97,01/01/2018,12:25:07
M,44,9235,316,01/01/2018,11:55:43,74,01/01/2018,12:09:58
M,25,9032,37,01/01/2018,11:55:47,392,01/01/2018,12:16:46
M,37,3172,312,01/01/2018,11:55:48,46,01/01/2018,12:24:27
M,46,8983,316,01/01/2018,11:55:55,74,01/01/2018,12:09:26
M,36,3008,137,01/01/2018,11:56:00,117,01/01/2018,12:01:03
M,47,10633,6,01/01/2018,11:56:26,10,01/01/2018,12:01:56
M,47,9928,214,01/01/2018,11:56:30,233,01/01/2018,12:04:41
M,26,6899,107,01/01/2018,11:56:48,43,01/01/2018,12:14:48
M,27,10132,110,01/01/2018,11:57:03,58,01/01/2018,12:10:41
M,28,9525,107,01/01/2018,11:57:14,43,01/01/2018,12:15:03
M,51,4324,64,01/01/2018,11:57:19,49,01/01/2018,12:03:42
M,54,9684,140,01/01/2018,11:57:51,238,01/01/2018,12:19:19
M,46,2808,29,01/01/2018,11:58:23,52,01/01/2018,13:56:33
M,26,8777,145,01/01/2018,11:59:14,149,01/01/2018,12:03:20
F,31,8638,189,01/01/2018,11:59:21,73,01/01/2018,12:08:07
M,44,8868,223,01/01/2018,11:59:43,224,01/01/2018,12:18:54
M,54,8240,26,01/01/2018,12:00:14,116,01/01/2018,12:03:20
M,43,3038,158,01/01/2018,12:00:25,96,01/01/2018,12:21:14
M,24,1721,126,01/01/2018,12:01:05,136,01/01/2018,12:04:07
M,24,3233,228,01/01/2018,12:01:46,17,01/01/2018,12:42:39
M,54,9773,164,01/01/2018,12:01:58,107,01/01/2018,12:19:23
M,23,2019,211,01/01/2018,12:01:59,452,01/01/2018,12:08:22
M,43,2078,50,01/01/2018,12:02:01,81,01/01/2018,12:07:30
M,46,3009,29,01/01/2018,12:02:30,52,01/01/2018,13:56:14
M,19,1589,228,01/01/2018,12:02:51,17,01/01/2018,12:41:59
M,41,10732,310,01/01/2018,12:02:53,310,01/01/2018,12:09:47
M,24,4304,228,01/01/2018,12:03:33,228,01/01/2018,12:07:02
M,39,8279,398,01/01/2018,12:03:34,317,01/01/2018,12:17:32
M,30,8875,385,01/01/2018,12:03:42,323,01/01/2018,12:16:25
M,67,9356,69,01/01/2018,12:03:51,23,01/01/2018,12:41:56
M,63,9290,69,01/01/2018,12:04:09,23,01/01/2018,12:42:09
M,75,10845,16,01/01/2018,12:04:13,15,01/01/2018,12:10:55
M,51,9026,228,01/01/2018,12:04:25,17,01/01/2018,12:41:14
M,34,7637,69,01/01/2018,12:04:25,23,01/01/2018,12:41:54
M,32,6971,69,01/01/2018,12:04:42,23,01/01/2018,12:42:03
M,71,8824,12,01/01/2018,12:04:51,19,01/01/2018,12:19:03
M,49,9828,19,01/01/2018,12:04:53,255,01/01/2018,12:09:51
F,29,10437,182,01/01/2018,12:04:54,303,01/01/2018,12:10:21
M,29,10542,69,01/01/2018,12:04:59,23,01/01/2018,12:42:17
M,29,10517,182,01/01/2018,12:05:07,303,01/01/2018,12:10:03
M,34,10364,69,01/01/2018,12:05:17,23,01/01/2018,12:42:11
M,31,10721,143,01/01/2018,12:05:34,154,01/01/2018,12:20:28
F,26,10032,43,01/01/2018,12:05:46,195,01/01/2018,12:26:28
M,62,8677,53,01/01/2018,12:05:51,62,01/01/2018,12:11:59
M,29,10395,24,01/01/2018,12:05:51,4,01/01/2018,12:09:04
M,43,8156,385,01/01/2018,12:05:54,315,01/01/2018,12:27:24
F,64,6819,138,01/01/2018,12:06:13,136,01/01/2018,12:14:20
M,38,8300,347,01/01/2018,12:06:19,381,01/01/2018,12:11:40
M,34,1406,21,01/01/2018,12:06:50,64,01/01/2018,12:16:57
M,59,7894,87,01/01/2018,12:07:14,41,01/01/2018,12:39:23
M,26,10588,149,01/01/2018,12:07:23,276,01/01/2018,12:18:17
M,48,10125,209,01/01/2018,12:08:22,206,01/01/2018,12:13:26
M,44,9539,384,01/01/2018,12:08:25,180,01/01/2018,12:35:21
M,56,1697,283,01/01/2018,12:08:38,171,01/01/2018,12:16:58
M,30,4157,317,01/01/2018,12:09:07,301,01/01/2018,12:12:38
M,60,9513,71,01/01/2018,12:09:08,84,01/01/2018,12:15:05
M,36,9591,79,01/01/2018,12:09:46,72,01/01/2018,12:13:39
M,24,7270,228,01/01/2018,12:10:07,17,01/01/2018,12:42:23
F,40,10640,246,01/01/2018,12:10:40,248,01/01/2018,12:15:39
M,24,3491,329,01/01/2018,12:10:48,271,01/01/2018,12:49:54
M,31,7073,412,01/01/2018,12:10:58,125,01/01/2018,12:43:29
M,30,10456,361,01/01/2018,12:11:02,368,01/01/2018,12:22:35
M,22,10890,329,01/01/2018,12:11:05,271,01/01/2018,12:49:51
M,32,8049,447,01/01/2018,12:12:01,53,01/01/2018,12:14:43
M,24,7455,86,01/01/2018,12:12:16,20,01/01/2018,12:14:37
M,27,10898,4,01/01/2018,12:12:26,55,01/01/2018,12:43:17
M,39,9018,246,01/01/2018,12:12:51,248,01/01/2018,12:15:46
F,29,9213,192,01/01/2018,12:12:57,29,01/01/2018,12:36:19
M,29,10671,345,01/01/2018,12:13:05,361,01/01/2018,12:17:15
F,29,1521,345,01/01/2018,12:13:19,361,01/01/2018,12:17:12
F,19,7292,79,01/01/2018,12:13:38,56,01/01/2018,12:20:22
M,42,2568,133,01/01/2018,12:13:56,133,01/01/2018,14:02:41
M,38,10499,7,01/01/2018,12:14:00,194,01/01/2018,12:18:54
M,75,9267,15,01/01/2018,12:14:09,242,01/01/2018,12:46:41
M,53,7551,183,01/01/2018,12:14:13,183,01/01/2018,12:17:18
M,42,9566,133,01/01/2018,12:14:19,133,01/01/2018,14:02:37
M,27,6992,63,01/01/2018,12:14:20,169,01/01/2018,12:23:24
M,21,8873,15,01/01/2018,12:14:33,242,01/01/2018,12:46:28
M,32,11062,58,01/01/2018,12:14:37,137,01/01/2018,12:45:16
M,43,9577,105,01/01/2018,12:14:54,109,01/01/2018,12:37:46
M,61,10845,15,01/01/2018,12:15:05,242,01/01/2018,12:46:30
M,29,10396,18,01/01/2018,12:15:40,43,01/01/2018,12:27:51
M,33,8242,136,01/01/2018,12:15:42,158,01/01/2018,12:23:46
M,32,8726,120,01/01/2018,12:15:51,218,01/01/2018,12:45:43
M,19,10684,428,01/01/2018,12:15:57,402,01/01/2018,12:19:49
M,61,10204,110,01/01/2018,12:16:17,136,01/01/2018,12:31:11
F,25,10094,170,01/01/2018,12:16:37,173,01/01/2018,12:21:01
M,24,1413,20,01/01/2018,12:16:46,227,01/01/2018,12:38:47
M,43,7653,4,01/01/2018,12:18:21,59,01/01/2018,12:29:36
M,39,8124,248,01/01/2018,12:18:38,107,01/01/2018,12:38:20
M,37,9529,19,01/01/2018,12:19:04,16,01/01/2018,12:24:04
F,40,1625,248,01/01/2018,12:19:12,107,01/01/2018,12:38:38
M,36,2023,26,01/01/2018,12:19:26,43,01/01/2018,12:24:27
M,47,10468,10,01/01/2018,12:19:36,6,01/01/2018,12:26:00
M,30,11024,92,01/01/2018,12:20:19,52,01/01/2018,12:27:34
M,53,8569,183,01/01/2018,12:20:24,183,01/01/2018,12:51:26
M,36,9952,316,01/01/2018,12:22:42,399,01/01/2018,12:39:04
M,43,6819,136,01/01/2018,12:22:50,136,01/01/2018,13:08:29
F,57,6856,83,01/01/2018,12:22:54,59,01/01/2018,12:40:23
M,41,9950,187,01/01/2018,12:23:31,58,01/01/2018,12:31:50
M,30,10158,37,01/01/2018,12:23:55,23,01/01/2018,12:28:35
M,35,1721,136,01/01/2018,12:24:15,136,01/01/2018,13:08:46
M,21,2729,351,01/01/2018,12:24:35,332,01/01/2018,12:25:56
M,29,8422,400,01/01/2018,12:24:48,377,01/01/2018,12:27:03
M,47,9657,92,01/01/2018,12:25:15,92,01/01/2018,13:21:35
M,18,6861,119,01/01/2018,12:25:17,294,01/01/2018,12:40:54
M,21,10180,332,01/01/2018,12:26:04,308,01/01/2018,12:30:29
M,32,1559,442,01/01/2018,12:26:04,388,01/01/2018,12:46:06
F,50,10669,70,01/01/2018,12:26:30,70,01/01/2018,12:35:16
M,44,8351,143,01/01/2018,12:26:35,143,01/01/2018,13:02:09
M,34,9582,195,01/01/2018,12:26:54,206,01/01/2018,12:40:44
M,38,4267,194,01/01/2018,12:26:55,7,01/01/2018,12:32:45
M,37,7921,16,01/01/2018,12:27:09,8,01/01/2018,12:38:39
F,38,10114,369,01/01/2018,12:27:21,382,01/01/2018,14:05:34
F,27,8337,256,01/01/2018,12:27:25,43,01/01/2018,12:35:08
M,46,1900,52,01/01/2018,12:27:55,21,01/01/2018,12:50:52
M,33,2398,318,01/01/2018,12:28:57,302,01/01/2018,12:32:25
F,33,3273,359,01/01/2018,12:29:27,297,01/01/2018,12:38:12
M,25,2894,34,01/01/2018,12:29:31,42,01/01/2018,12:38:07
M,34,7126,68,01/01/2018,12:29:34,131,01/01/2018,12:44:54
M,37,10875,359,01/01/2018,12:29:40,297,01/01/2018,12:38:25
F,33,7577,68,01/01/2018,12:29:48,131,01/01/2018,12:45:00
M,31,9616,2,01/01/2018,12:29:54,1,01/01/2018,12:32:48
F,33,6760,302,01/01/2018,12:30:01,292,01/01/2018,12:36:12
M,51,4125,84,01/01/2018,12:30:34,169,01/01/2018,12:39:18
M,31,10539,149,01/01/2018,12:30:39,137,01/01/2018,12:34:28
M,37,4017,321,01/01/2018,12:30:54,404,01/01/2018,12:41:57
M,39,10842,180,01/01/2018,12:30:57,180,01/01/2018,13:06:17
M,57,2704,452,01/01/2018,12:31:08,4,01/01/2018,12:41:21
M,34,8587,19,01/01/2018,12:31:33,52,01/01/2018,12:54:15
M,42,4124,14,01/01/2018,12:31:34,194,01/01/2018,12:46:28
M,25,6814,172,01/01/2018,12:31:56,288,01/01/2018,12:39:23
M,30,8373,19,01/01/2018,12:32:29,52,01/01/2018,12:50:49
M,38,10226,38,01/01/2018,12:32:32,49,01/01/2018,12:41:39
M,28,8949,35,01/01/2018,12:32:33,271,01/01/2018,12:48:59
M,32,7446,409,01/01/2018,12:33:03,412,01/01/2018,12:39:32
M,39,2436,409,01/01/2018,12:33:15,412,01/01/2018,12:39:34
M,61,10204,136,01/01/2018,12:33:40,40,01/01/2018,12:39:10
M,31,3981,58,01/01/2018,12:33:47,291,01/01/2018,12:45:41
M,34,10810,76,01/01/2018,12:33:58,63,01/01/2018,12:50:35
M,31,10111,76,01/01/2018,12:34:22,63,01/01/2018,12:52:48
M,54,8148,162,01/01/2018,12:34:33,80,01/01/2018,12:41:10
M,29,8962,325,01/01/2018,12:35:21,74,01/01/2018,12:48:17
F,34,8249,447,01/01/2018,12:35:47,31,01/01/2018,12:48:13
M,54,9821,302,01/01/2018,12:36:15,302,01/01/2018,12:44:27
M,26,10830,211,01/01/2018,12:36:28,236,01/01/2018,12:45:10
M,43,3993,366,01/01/2018,12:36:37,369,01/01/2018,12:39:55
M,30,2403,363,01/01/2018,12:37:08,42,01/01/2018,12:56:15
F,41,2869,116,01/01/2018,12:37:34,1,01/01/2018,12:49:14
M,31,9200,134,01/01/2018,12:37:50,96,01/01/2018,13:23:11
M,32,1420,396,01/01/2018,12:37:53,413,01/01/2018,12:43:49
M,28,2671,52,01/01/2018,12:38:03,271,01/01/2018,12:48:53
M,57,10939,387,01/01/2018,12:38:14,380,01/01/2018,12:44:56
F,23,4236,210,01/01/2018,12:38:32,238,01/01/2018,12:43:55
M,37,2121,1,01/01/2018,12:38:43,10,01/01/2018,12:54:00
M,48,4008,240,01/01/2018,12:38:50,145,01/01/2018,13:13:28
M,31,10621,205,01/01/2018,12:38:55,197,01/01/2018,12:59:35
M,26,7903,84,01/01/2018,12:39:00,281,01/01/2018,13:26:43
F,26,9958,427,01/01/2018,12:39:00,406,01/01/2018,12:41:03
M,35,7761,205,01/01/2018,12:39:09,197,01/01/2018,12:59:34
F,37,2018,1,01/01/2018,12:39:39,10,01/01/2018,12:54:19
F,28,2315,276,01/01/2018,12:39:45,68,01/01/2018,12:55:31
M,31,10618,152,01/01/2018,12:39:48,143,01/01/2018,12:46:16
M,66,3510,37,01/01/2018,12:40:09,37,01/01/2018,12:56:13
M,36,7062,106,01/01/2018,12:40:33,87,01/01/2018,12:49:05
M,25,7841,368,01/01/2018,12:40:56,44,01/01/2018,13:01:56
F,28,9076,44,01/01/2018,12:41:00,46,01/01/2018,12:47:58
M,35,10034,24,01/01/2018,12:41:37,211,01/01/2018,13:00:06
M,44,9479,97,01/01/2018,12:42:19,43,01/01/2018,13:21:35
M,25,8449,42,01/01/2018,12:42:21,44,01/01/2018,12:47:43
M,26,7836,200,01/01/2018,12:43:23,245,01/01/2018,13:16:42
M,44,10947,74,01/01/2018,12:43:43,46,01/01/2018,13:24:06
M,38,9959,217,01/01/2018,12:43:44,217,01/01/2018,12:45:56
M,46,9528,74,01/01/2018,12:43:56,46,01/01/2018,13:23:52
M,44,7043,77,01/01/2018,12:44:05,68,01/01/2018,12:48:07
M,67,8655,23,01/01/2018,12:44:19,43,01/01/2018,13:10:03
F,48,10466,271,01/01/2018,12:44:25,41,01/01/2018,12:52:40
M,62,2198,154,01/01/2018,12:44:25,153,01/01/2018,12:51:49
M,40,10274,251,01/01/2018,12:44:37,246,01/01/2018,12:48:27
M,25,9973,396,01/01/2018,12:44:39,337,01/01/2018,12:52:39
M,63,7699,23,01/01/2018,12:44:41,43,01/01/2018,13:10:10
M,24,1958,271,01/01/2018,12:44:58,270,01/01/2018,12:49:06
M,34,2149,23,01/01/2018,12:44:58,43,01/01/2018,13:09:41
M,63,6860,18,01/01/2018,12:45:07,18,01/01/2018,13:01:22
F,23,7716,452,01/01/2018,12:45:15,183,01/01/2018,13:05:20
M,32,2978,23,01/01/2018,12:45:21,43,01/01/2018,13:10:13
M,29,8246,44,01/01/2018,12:45:37,44,01/01/2018,13:03:51
M,29,10835,23,01/01/2018,12:45:42,43,01/01/2018,13:09:50
M,53,10175,217,01/01/2018,12:45:44,217,01/01/2018,12:48:42
M,34,4165,23,01/01/2018,12:46:00,43,01/01/2018,13:09:56
M,25,2656,390,01/01/2018,12:46:07,122,01/01/2018,13:09:03
M,28,8428,14,01/01/2018,12:46:17,31,01/01/2018,12:53:10
M,65,4309,366,01/01/2018,12:46:18,384,01/01/2018,12:49:52
M,63,11066,47,01/01/2018,12:46:36,47,01/01/2018,13:10:27
M,34,2094,107,01/01/2018,12:46:38,184,01/01/2018,13:15:01
F,33,7071,8,01/01/2018,12:46:54,55,01/01/2018,12:57:32
M,29,10851,242,01/01/2018,12:46:56,237,01/01/2018,12:56:01
F,29,7005,436,01/01/2018,12:47:05,425,01/01/2018,12:53:56
M,18,10151,26,01/01/2018,12:47:17,270,01/01/2018,12:52:53
M,36,3128,177,01/01/2018,12:47:23,79,01/01/2018,12:57:26
M,38,2868,17,01/01/2018,12:47:25,19,01/01/2018,13:06:49
M,41,7866,26,01/01/2018,12:47:31,26,01/01/2018,13:08:04
M,44,4332,92,01/01/2018,12:47:37,262,01/01/2018,12:51:21
M,73,10737,189,01/01/2018,12:47:38,186,01/01/2018,12:49:57
M,42,8204,2,01/01/2018,12:47:43,21,01/01/2018,12:53:59
F,61,10551,60,01/01/2018,12:48:53,75,01/01/2018,12:54:04
M,37,11015,54,01/01/2018,12:49:03,49,01/01/2018,13:23:43
M,34,8833,54,01/01/2018,12:49:29,49,01/01/2018,13:20:43
M,29,9705,400,01/01/2018,12:49:46,392,01/01/2018,12:59:20
F,32,6920,6,01/01/2018,12:49:57,159,01/01/2018,13:04:48
M,69,9500,194,01/01/2018,12:50:00,18,01/01/2018,13:02:04
M,50,9354,73,01/01/2018,12:50:13,78,01/01/2018,12:52:44
M,51,2635,169,01/01/2018,12:50:14,77,01/01/2018,12:56:45
F,25,2554,255,01/01/2018,12:50:17,186,01/01/2018,13:16:53
M,25,9997,44,01/01/2018,12:50:23,80,01/01/2018,13:07:03
F,51,9762,333,01/01/2018,12:50:53,433,01/01/2018,13:06:04
M,38,9785,380,01/01/2018,12:51:00,435,01/01/2018,12:56:42
M,29,10767,74,01/01/2018,12:51:21,136,01/01/2018,12:59:28
M,33,7429,320,01/01/2018,12:51:34,302,01/01/2018,13:00:15
M,38,10131,207,01/01/2018,12:52:13,242,01/01/2018,13:07:58
M,53,7547,207,01/01/2018,12:52:25,242,01/01/2018,13:07:51
F,17,4246,128,01/01/2018,12:52:27,159,01/01/2018,13:05:54
M,26,8843,412,01/01/2018,12:52:34,373,01/01/2018,12:59:24
F,27,10261,187,01/01/2018,12:52:39,226,01/01/2018,13:13:40
M,45,7993,128,01/01/2018,12:53:21,159,01/01/2018,13:05:40
M,52,9004,18,01/01/2018,12:53:49,1,01/01/2018,12:58:34
M,38,9663,244,01/01/2018,12:53:50,219,01/01/2018,13:20:32
M,28,10166,148,01/01/2018,12:54:41,145,01/01/2018,12:59:00
M,33,10806,81,01/01/2018,12:54:53,9,01/01/2018,13:06:47
F,40,9099,306,01/01/2018,12:55:00,75,01/01/2018,13:21:10
M,43,9921,306,01/01/2018,12:55:10,75,01/01/2018,13:21:11
M,29,7328,166,01/01/2018,12:55:51,70,01/01/2018,13:09:34
M,25,2652,409,01/01/2018,12:55:52,424,01/01/2018,13:04:21
M,29,6867,46,01/01/2018,12:56:17,29,01/01/2018,13:07:01
F,45,2886,219,01/01/2018,12:56:25,243,01/01/2018,13:10:49
M,52,1969,219,01/01/2018,12:56:35,243,01/01/2018,13:10:39
M,73,4156,186,01/01/2018,12:57:23,452,01/01/2018,13:14:30
M,20,9589,440,01/01/2018,12:57:42,425,01/01/2018,13:03:05
M,70,7586,325,01/01/2018,12:57:48,325,01/01/2018,13:24:21
F,40,9543,73,01/01/2018,12:57:57,51,01/01/2018,13:04:33
F,42,10772,86,01/01/2018,12:58:27,18,01/01/2018,13:05:19
M,41,10828,390,01/01/2018,12:58:32,291,01/01/2018,13:21:31
M,65,8404,132,01/01/2018,12:58:45,31,01/01/2018,13:17:59
M,45,2577,223,01/01/2018,12:58:55,59,01/01/2018,13:13:16
M,17,10585,79,01/01/2018,12:59:22,172,01/01/2018,13:06:06
M,38,3416,43,01/01/2018,12:59:26,107,01/01/2018,13:03:55
M,46,9561,419,01/01/2018,12:59:34,419,01/01/2018,13:14:50
F,41,8444,1,01/01/2018,12:59:35,116,01/01/2018,13:06:03
M,34,7741,19,01/01/2018,12:59:45,35,01/01/2018,13:07:58
M,33,3679,390,01/01/2018,13:00:11,372,01/01/2018,13:06:16
M,30,10425,165,01/01/2018,13:00:25,1,01/01/2018,13:18:49
M,32,8816,158,01/01/2018,13:00:31,64,01/01/2018,13:21:48
F,22,10199,387,01/01/2018,13:00:45,75,01/01/2018,13:26:11
F,32,9750,123,01/01/2018,13:00:56,21,01/01/2018,13:21:01
M,31,7646,387,01/01/2018,13:01:02,75,01/01/2018,13:26:02
M,26,2565,123,01/01/2018,13:01:15,137,01/01/2018,13:07:54
F,34,9273,372,01/01/2018,13:01:40,437,01/01/2018,13:19:27
M,43,3329,136,01/01/2018,13:01:48,395,01/01/2018,13:30:45
M,38,8327,372,01/01/2018,13:01:51,437,01/01/2018,13:19:44
M,55,2100,233,01/01/2018,13:01:58,242,01/01/2018,13:10:33
M,38,6927,49,01/01/2018,13:01:59,49,01/01/2018,13:10:34
M,19,7309,17,01/01/2018,13:02:01,270,01/01/2018,13:31:56
M,24,10147,17,01/01/2018,13:02:28,270,01/01/2018,13:32:20
M,30,7263,61,01/01/2018,13:02:30,64,01/01/2018,13:05:55
M,45,7048,89,01/01/2018,13:02:40,19,01/01/2018,13:32:50
M,42,7801,47,01/01/2018,13:02:42,271,01/01/2018,13:20:35
M,46,10877,21,01/01/2018,13:02:45,88,01/01/2018,13:23:03
M,52,9079,1,01/01/2018,13:02:56,18,01/01/2018,13:06:39
M,51,3947,17,01/01/2018,13:02:57,270,01/01/2018,13:32:45
M,24,9380,17,01/01/2018,13:03:16,270,01/01/2018,13:33:46
M,63,9047,18,01/01/2018,13:03:31,35,01/01/2018,13:37:31
M,34,10476,194,01/01/2018,13:04:26,225,01/01/2018,13:49:27
M,44,8292,123,01/01/2018,13:04:33,87,01/01/2018,13:27:07
M,39,8266,165,01/01/2018,13:05:09,163,01/01/2018,13:07:09
M,32,11005,47,01/01/2018,13:05:33,45,01/01/2018,13:47:44
M,42,8045,1,01/01/2018,13:05:48,18,01/01/2018,13:10:02
F,48,678,43,01/01/2018,13:05:56,271,01/01/2018,13:16:10
M,52,9532,448,01/01/2018,13:06:22,43,01/01/2018,13:12:23
M,29,4237,11,01/01/2018,13:06:40,112,01/01/2018,13:12:45
F,46,9036,69,01/01/2018,13:06:59,162,01/01/2018,13:14:31
M,37,3924,166,01/01/2018,13:07:34,164,01/01/2018,13:15:52
M,49,9912,41,01/01/2018,13:07:42,18,01/01/2018,13:28:52
M,43,9466,81,01/01/2018,13:07:53,54,01/01/2018,13:13:01
M,27,4247,80,01/01/2018,13:08:01,63,01/01/2018,13:11:34
F,31,7237,41,01/01/2018,13:08:11,18,01/01/2018,13:34:54
F,33,9972,41,01/01/2018,13:08:34,18,01/01/2018,13:28:58
M,31,10413,2,01/01/2018,13:08:40,1,01/01/2018,13:11:31
M,25,7415,80,01/01/2018,13:09:09,303,01/01/2018,13:14:43
M,29,7710,29,01/01/2018,13:09:10,21,01/01/2018,13:32:06
M,64,3318,246,01/01/2018,13:09:21,106,01/01/2018,13:24:39
M,20,9798,425,01/01/2018,13:09:42,415,01/01/2018,13:20:11
M,38,9096,331,01/01/2018,13:09:44,167,01/01/2018,13:17:02
M,65,7099,164,01/01/2018,13:09:53,164,01/01/2018,13:42:41
M,57,10074,237,01/01/2018,13:10:48,14,01/01/2018,13:24:27
M,26,9605,286,01/01/2018,13:10:55,318,01/01/2018,13:18:51
M,52,2718,18,01/01/2018,13:12:02,132,01/01/2018,13:24:08
M,24,10609,94,01/01/2018,13:12:12,102,01/01/2018,13:20:55
M,38,7018,107,01/01/2018,13:12:17,270,01/01/2018,13:19:49
M,25,7947,256,01/01/2018,13:12:30,103,01/01/2018,13:18:28
M,42,8797,117,01/01/2018,13:13:04,116,01/01/2018,13:16:58
F,24,2119,117,01/01/2018,13:13:18,116,01/01/2018,13:17:00
M,29,7929,314,01/01/2018,13:13:22,68,01/01/2018,13:25:33
M,76,7521,45,01/01/2018,13:13:26,53,01/01/2018,13:21:48
M,28,9598,145,01/01/2018,13:13:39,159,01/01/2018,13:21:00
M,31,4259,256,01/01/2018,13:13:51,135,01/01/2018,13:34:38
M,24,8479,59,01/01/2018,13:14:04,29,01/01/2018,13:49:22
M,46,8476,322,01/01/2018,13:14:14,317,01/01/2018,13:20:57
M,38,10433,59,01/01/2018,13:14:16,29,01/01/2018,13:49:07
M,25,8457,271,01/01/2018,13:14:39,52,01/01/2018,13:26:34
M,39,4384,6,01/01/2018,13:15:05,15,01/01/2018,13:25:32
M,30,9549,84,01/01/2018,13:15:21,150,01/01/2018,13:35:23
M,28,6883,61,01/01/2018,13:15:44,192,01/01/2018,13:49:53
M,37,2043,144,01/01/2018,13:15:44,145,01/01/2018,13:19:54
M,44,3452,6,01/01/2018,13:15:58,15,01/01/2018,13:25:31
M,62,7868,438,01/01/2018,13:16:18,393,01/01/2018,13:22:13
M,31,1760,1,01/01/2018,13:16:32,2,01/01/2018,13:20:08
F,39,2977,313,01/01/2018,13:16:55,198,01/01/2018,13:50:41
F,28,8115,44,01/01/2018,13:17:04,74,01/01/2018,13:43:34
M,30,4219,320,01/01/2018,13:17:10,19,01/01/2018,13:41:07
M,33,10630,394,01/01/2018,13:17:19,439,01/01/2018,13:27:06
M,34,10409,359,01/01/2018,13:17:53,356,01/01/2018,13:22:38
M,44,9505,37,01/01/2018,13:17:55,37,01/01/2018,13:48:06
M,28,10022,61,01/01/2018,13:18:14,192,01/01/2018,13:49:59
M,43,8623,59,01/01/2018,13:18:41,234,01/01/2018,13:43:26
F,47,7053,326,01/01/2018,13:18:43,315,01/01/2018,13:22:31
M,62,3029,340,01/01/2018,13:18:46,340,01/01/2018,13:53:29
M,34,2224,70,01/01/2018,13:18:59,76,01/01/2018,13:28:40
M,21,10250,272,01/01/2018,13:19:11,49,01/01/2018,13:39:48
M,29,2627,392,01/01/2018,13:19:24,420,01/01/2018,13:25:20
M,33,2424,337,01/01/2018,13:19:28,412,01/01/2018,13:31:25
M,42,8209,147,01/01/2018,13:19:34,144,01/01/2018,13:23:32
M,31,7091,242,01/01/2018,13:19:35,197,01/01/2018,13:51:24
M,25,2245,302,01/01/2018,13:19:38,303,01/01/2018,13:25:52
M,59,2003,37,01/01/2018,13:19:46,186,01/01/2018,13:30:55
M,43,2544,59,01/01/2018,13:19:47,234,01/01/2018,13:43:15
M,30,1529,413,01/01/2018,13:19:51,420,01/01/2018,13:25:51
M,53,10545,93,01/01/2018,13:19:52,106,01/01/2018,13:28:08
F,30,9862,75,01/01/2018,13:20:01,8,01/01/2018,13:59:14
F,24,8573,61,01/01/2018,13:20:03,70,01/01/2018,13:52:48
M,35,8258,242,01/01/2018,13:20:09,197,01/01/2018,13:51:25
M,32,9265,75,01/01/2018,13:20:30,8,01/01/2018,13:59:39
M,27,10295,335,01/01/2018,13:20:33,301,01/01/2018,13:24:37
M,30,1946,61,01/01/2018,13:20:56,70,01/01/2018,13:52:39
F,31,2051,2,01/01/2018,13:21:06,52,01/01/2018,13:40:17
M,33,2822,2,01/01/2018,13:21:20,52,01/01/2018,13:40:04
F,27,3217,239,01/01/2018,13:21:21,223,01/01/2018,13:30:57
M,30,8841,239,01/01/2018,13:21:34,223,01/01/2018,13:31:21
M,40,2217,246,01/01/2018,13:21:35,13,01/01/2018,13:26:27
M,33,10190,5,01/01/2018,13:21:36,1,01/01/2018,13:24:50
M,28,7447,162,01/01/2018,13:21:49,164,01/01/2018,13:28:47
M,44,3883,52,01/01/2018,13:21:53,41,01/01/2018,13:27:07
M,28,4233,320,01/01/2018,13:22:10,309,01/01/2018,13:33:00
M,31,10977,96,01/01/2018,13:22:33,150,01/01/2018,13:56:02
M,42,2454,359,01/01/2018,13:22:34,412,01/01/2018,13:29:46
M,37,4326,192,01/01/2018,13:22:36,23,01/01/2018,13:30:57
M,69,2372,18,01/01/2018,13:22:49,1,01/01/2018,13:26:58
M,43,8729,288,01/01/2018,13:23:12,288,01/01/2018,13:34:38
M,37,3989,404,01/01/2018,13:23:27,295,01/01/2018,13:39:25
F,53,3024,396,01/01/2018,13:23:29,398,01/01/2018,13:31:23
M,18,8665,396,01/01/2018,13:23:43,396,01/01/2018,13:27:25
F,31,8754,136,01/01/2018,13:23:52,137,01/01/2018,13:38:43
F,40,10657,75,01/01/2018,13:24:40,164,01/01/2018,13:40:11
M,43,9949,75,01/01/2018,13:24:52,164,01/01/2018,13:40:05
M,31,7264,182,01/01/2018,13:24:56,324,01/01/2018,13:35:40
M,38,4097,219,01/01/2018,13:25:05,17,01/01/2018,14:06:23
M,47,11012,182,01/01/2018,13:25:21,146,01/01/2018,13:32:28
M,61,10411,107,01/01/2018,13:25:34,107,01/01/2018,13:32:48
M,25,3018,123,01/01/2018,13:25:37,24,01/01/2018,13:42:57
F,40,7612,51,01/01/2018,13:25:50,73,01/01/2018,13:37:39
F,37,6775,441,01/01/2018,13:26:21,426,01/01/2018,13:29:36
M,44,9312,149,01/01/2018,13:26:22,163,01/01/2018,13:34:12
M,25,2504,447,01/01/2018,13:26:48,53,01/01/2018,13:35:30
M,38,10377,119,01/01/2018,13:27:02,135,01/01/2018,13:31:18
M,71,4216,168,01/01/2018,13:27:07,168,01/01/2018,13:51:04
M,20,6811,170,01/01/2018,13:27:11,168,01/01/2018,13:35:04
M,24,4059,170,01/01/2018,13:27:24,168,01/01/2018,13:31:51
F,29,4199,450,01/01/2018,13:27:28,52,01/01/2018,13:33:56
M,53,10120,281,01/01/2018,13:27:29,153,01/01/2018,13:37:48
M,44,9347,146,01/01/2018,13:27:35,143,01/01/2018,13:34:12
M,29,8316,11,01/01/2018,13:27:36,5,01/01/2018,13:31:12
M,20,8228,390,01/01/2018,13:28:08,394,01/01/2018,13:31:38
M,67,7852,353,01/01/2018,13:28:25,363,01/01/2018,13:34:13
M,65,7444,8,01/01/2018,13:28:35,132,01/01/2018,13:36:00
F,59,7198,141,01/01/2018,13:29:33,132,01/01/2018,13:34:18
M,18,8039,365,01/01/2018,13:29:43,420,01/01/2018,13:39:41
M,31,2489,141,01/01/2018,13:29:45,135,01/01/2018,13:34:16
M,31,1362,21,01/01/2018,13:30:42,98,01/01/2018,13:49:37
M,57,8062,130,01/01/2018,13:30:49,124,01/01/2018,13:35:17
M,43,4345,38,01/01/2018,13:30:53,73,01/01/2018,13:46:54
F,48,10564,38,01/01/2018,13:31:05,73,01/01/2018,13:47:06
F,38,2353,26,01/01/2018,13:31:18,119,01/01/2018,13:35:16
F,33,9487,38,01/01/2018,13:31:23,145,01/01/2018,13:41:53
M,29,9336,432,01/01/2018,13:31:54,433,01/01/2018,13:54:19
M,26,2378,281,01/01/2018,13:32:10,278,01/01/2018,13:37:34
F,25,10598,385,01/01/2018,13:32:42,420,01/01/2018,13:37:22
M,21,10971,271,01/01/2018,13:32:56,90,01/01/2018,13:47:55
M,66,10195,301,01/01/2018,13:33:02,404,01/01/2018,13:48:10
M,25,10638,4,01/01/2018,13:33:10,120,01/01/2018,13:40:44
M,25,3348,107,01/01/2018,13:33:11,116,01/01/2018,13:36:38
M,38,6890,238,01/01/2018,13:33:32,21,01/01/2018,14:24:26
M,26,7017,237,01/01/2018,13:33:33,21,01/01/2018,14:24:38
M,24,6802,255,01/01/2018,13:34:04,117,01/01/2018,13:43:40
M,28,9379,164,01/01/2018,13:34:21,162,01/01/2018,13:38:42
M,31,1840,271,01/01/2018,13:34:27,43,01/01/2018,13:42:55
M,25,9903,303,01/01/2018,13:34:41,301,01/01/2018,13:41:49
M,35,10310,183,01/01/2018,13:34:44,6,01/01/2018,13:55:19
M,45,10095,126,01/01/2018,13:34:50,146,01/01/2018,13:44:03
M,37,10285,384,01/01/2018,13:34:58,270,01/01/2018,14:09:47
F,53,3282,398,01/01/2018,13:35:24,396,01/01/2018,13:40:13
F,31,8526,64,01/01/2018,13:35:32,447,01/01/2018,13:46:00
M,20,9957,394,01/01/2018,13:35:34,398,01/01/2018,13:43:06
M,33,9541,64,01/01/2018,13:35:44,447,01/01/2018,13:43:02
M,56,2305,169,01/01/2018,13:36:00,386,01/01/2018,14:04:10
M,32,4092,393,01/01/2018,13:36:00,407,01/01/2018,13:43:55
F,49,10315,297,01/01/2018,13:36:13,328,01/01/2018,13:51:01
M,44,10899,163,01/01/2018,13:36:34,377,01/01/2018,14:00:54
F,43,1581,4,01/01/2018,13:36:41,38,01/01/2018,13:42:42
M,31,3578,238,01/01/2018,13:37:02,21,01/01/2018,14:23:54
M,32,6951,206,01/01/2018,13:37:48,34,01/01/2018,14:09:13
M,56,2914,319,01/01/2018,13:38:05,295,01/01/2018,13:42:22
M,37,9362,85,01/01/2018,13:38:06,262,01/01/2018,13:54:42
M,29,2961,262,01/01/2018,13:38:14,3,01/01/2018,14:10:55
M,41,10837,80,01/01/2018,13:38:16,186,01/01/2018,13:59:50
M,26,3526,119,01/01/2018,13:38:24,276,01/01/2018,13:51:01
M,30,8493,119,01/01/2018,13:38:56,34,01/01/2018,13:57:50
M,35,9668,238,01/01/2018,13:38:58,237,01/01/2018,13:40:55
M,62,1388,393,01/01/2018,13:39:02,438,01/01/2018,13:45:28
M,37,3538,142,01/01/2018,13:39:09,149,01/01/2018,13:43:02
M,38,9712,1,01/01/2018,13:39:11,1,01/01/2018,13:53:55
F,29,1400,41,01/01/2018,13:39:29,18,01/01/2018,13:57:30
M,61,8733,68,01/01/2018,13:39:32,68,01/01/2018,13:57:00
M,30,4194,338,01/01/2018,13:39:50,366,01/01/2018,13:50:41
F,25,7316,294,01/01/2018,13:39:55,425,01/01/2018,13:58:08
M,35,8382,125,01/01/2018,13:40:03,144,01/01/2018,13:47:49
F,56,9933,74,01/01/2018,13:40:07,2,01/01/2018,13:55:28
M,44,8135,163,01/01/2018,13:40:11,70,01/01/2018,13:55:24
M,46,7094,281,01/01/2018,13:40:27,297,01/01/2018,13:43:05
M,68,3669,164,01/01/2018,13:40:38,168,01/01/2018,13:48:04
F,66,1985,60,01/01/2018,13:40:44,64,01/01/2018,13:49:44
M,41,8323,61,01/01/2018,13:41:05,61,01/01/2018,13:46:15
M,35,3078,238,01/01/2018,13:41:11,21,01/01/2018,14:23:52
M,60,8536,258,01/01/2018,13:41:12,67,01/01/2018,14:02:50
M,25,8003,53,01/01/2018,13:41:20,447,01/01/2018,13:44:40
M,44,8131,270,01/01/2018,13:41:31,4,01/01/2018,14:08:34
M,38,2864,135,01/01/2018,13:42:01,119,01/01/2018,13:49:06
M,55,10052,90,01/01/2018,13:42:10,121,01/01/2018,13:58:51
M,35,9063,140,01/01/2018,13:42:35,141,01/01/2018,13:44:27
M,41,9373,18,01/01/2018,13:42:54,88,01/01/2018,14:08:26
M,43,7383,18,01/01/2018,13:43:06,88,01/01/2018,14:08:10
M,29,7773,141,01/01/2018,13:43:11,163,01/01/2018,13:56:33
M,51,9217,51,01/01/2018,13:43:31,57,01/01/2018,13:47:25
M,57,7295,77,01/01/2018,13:43:37,166,01/01/2018,14:15:34
M,34,10975,149,01/01/2018,13:43:50,142,01/01/2018,13:52:03
F,38,9325,119,01/01/2018,13:44:18,98,01/01/2018,13:52:01
M,40,8239,447,01/01/2018,13:44:18,47,01/01/2018,13:49:04
M,22,9722,149,01/01/2018,13:44:20,159,01/01/2018,13:46:59
M,25,10272,302,01/01/2018,13:44:27,136,01/01/2018,14:13:05
M,37,7000,240,01/01/2018,13:44:40,29,01/01/2018,14:16:24
M,31,1553,423,01/01/2018,13:44:45,394,01/01/2018,13:48:34
F,29,2878,64,01/01/2018,13:45:28,61,01/01/2018,14:16:15
F,43,8295,107,01/01/2018,13:45:52,43,01/01/2018,13:55:31
M,27,8076,345,01/01/2018,13:45:55,420,01/01/2018,13:57:40
F,43,7672,107,01/01/2018,13:46:05,43,01/01/2018,13:55:25
